{"cameraMode":{"drawMode":0,"name":"Shaded","section":"Shading Mode"},"sceneLighting":true,"audioPlay":false,"sceneViewState":{"showFog":true,"showMaterialUpdate":false,"showSkybox":true,"showFlares":true,"showImageEffects":true,"showParticleSystems":true},"in2DMode":false,"pivot":{"x":1.1920928955078126e-7,"y":0.11000001430511475,"z":-2.384185791015625e-7},"rotation":{"x":-0.002328383270651102,"y":0.9933737516403198,"z":-0.11313118040561676,"w":-0.020571600645780565},"size":4.348889350891113,"orthographic":true}